{"Bleu_1": 0.700442600421174, "Bleu_2": 0.5277771344161293, "Bleu_3": 0.39455214539024114, "Bleu_4": 0.2982630874264282, "METEOR": 0.2469177706182104, "ROUGE_L": 0.5221280034026851, "CIDEr": 0.9113845083159589}