{"Bleu_1": 0.5793995754573356, "Bleu_2": 0.40439129741018104, "Bleu_3": 0.2785363856619147, "Bleu_4": 0.1908290437674253, "METEOR": 0.19525467177780284, "ROUGE_L": 0.39625269357570847, "CIDEr": 0.5997905185184199}